year,Under 2 years,2-4 years,4-6 years,6+ years,active_total,pct_aged_4plus,deployed,stopped_transmitting,partial_year
2001,180,24,0,0,204,0,271,70,FALSE
2002,419,42,9,0,470,2,419,161,FALSE
2003,738,91,10,0,839,1,600,207,FALSE
2004,1049,174,32,2,1257,3,841,242,FALSE
2005,1504,412,37,4,1957,2,996,346,FALSE
2006,1735,691,29,18,2473,2,902,391,FALSE
2007,1540,1095,175,13,2823,7,743,480,FALSE
2008,1474,1351,316,9,3150,10,860,604,FALSE
2009,1445,1222,510,73,3250,18,536,678,FALSE
2010,1187,1164,728,82,3161,26,807,667,FALSE
2011,1205,1114,689,231,3239,28,940,736,FALSE
2012,1578,893,703,318,3492,29,988,788,FALSE
2013,1628,923,631,400,3582,29,846,878,FALSE
2014,1599,1123,530,408,3660,26,1019,829,FALSE
2015,1728,1137,566,465,3896,26,894,709,FALSE
2016,1558,1152,695,523,3928,31,875,871,FALSE
2017,1543,1294,606,518,3961,28,915,907,FALSE
2018,1647,1172,610,535,3964,29,806,871,FALSE
2019,1568,1248,762,425,4003,30,794,723,FALSE
2020,1412,1339,757,433,3941,30,722,823,FALSE
2021,1334,1264,913,443,3954,34,804,759,FALSE
2022,1455,1112,981,480,4028,36,744,746,FALSE
2023,1360,1071,907,611,3949,38,688,737,FALSE
2024,1230,1206,860,654,3950,38,823,603,FALSE
2025,1396,1178,861,816,4251,39,829,600,FALSE
2026,1607,1042,1003,984,4636,43,533,221,TRUE
